val_mae_per_pos,train/lr,train/masked_positions,train/mae_loss,train/avg_mae,train/avg_mse,epoch/loss,val_loss,eval/mse_per_position,train/epoch,eval/mae_per_position,_timestamp,train/masking_ratio,train/mse_per_position,val_mae,train/step,train/mae_per_position,epoch/best_eval_loss,_runtime,eval/epoch,eval/loss,train/loss,val_mse_per_pos,epoch/mae,eval/mse_loss,validation_loss,_step,validation_mae,eval/masked_positions,train/total_positions,eval/mae_loss,epoch/number,epoch/mse,eval/step,train/mse_loss,train/avg_loss,epoch/samples_processed,val_mse,validation_mse,epoch/lr,eval/is_best,eval/improvement
,,,,,,1.2842388343811035,,,,,1759294115.2654603,,,,,,Infinity,316.92296733,,,,,0.8492517298460007,,,12,,,,,1.0,1.2842388343811035,,,,400.0,,,1.2000000000000002e-06,,
,,,,,,1.1146465510129928,,,,,1759294273.5473766,,,,,,Infinity,475.186509291,,,,,0.7776763784885407,,,24,,,,,2.0,1.1146465510129928,,,,400.0,,,2.4000000000000003e-06,,
,,,,,,0.9118686681985855,,,,,1759294431.810726,,,,,,Infinity,633.3930330109999,,,,,0.6786378109455109,,,36,,,,,3.0,0.9118686681985855,,,,400.0,,,3.6e-06,,
,,,,,,0.7483087360858918,,,,,1759294590.0160654,,,,,,Infinity,659.6447202,,,,,0.5896377086639404,,,48,,,,,4.0,0.7483087360858918,,,,400.0,,,4.800000000000001e-06,,
,5e-06,870037.0,0.5688696503639221,0.553879709827783,0.7647374941703848,,,,4.15,,1759294616.268605,0.49433920454545455,7.942175717113477e-07,,50.0,6.538453541216318e-07,,791.530610696,,,0.6909986734390259,,,,,50,,,1760000.0,,,,,0.6909986734390259,0.7647374941703848,,,,,,
,,,,,,0.6393069240450859,,,,,1759294748.1550949,,,,,,Infinity,949.663564439,,,,,0.5248500284552574,,,60,,,,,5.0,0.6393069240450859,,,,400.0,,,6e-06,,
,,,,,,0.5671502926945686,,,,,1759294906.2862368,,,,,,Infinity,1107.757360802,,,,,0.48610317081212995,,,72,,,,,6.0,0.5671502926945686,,,,400.0,,,7.2e-06,,
,,,,,,0.5156161648035049,,,,,1759295064.3798604,,,,,,Infinity,1265.863651863,,,,,0.46009126454591753,,,84,,,,,7.0,0.5156161648035049,,,,400.0,,,8.400000000000001e-06,,
,,,,,,0.4780872741341591,,,,,1759295222.488057,,,,,,Infinity,1317.171429843,,,,,0.4394444289803505,,,96,,,,,8.0,0.4780872741341591,,,,400.0,,,9.600000000000001e-06,,
,1e-05,877472.0,0.4387877881526947,0.42360133022485835,0.4786881701646789,,,,8.31,,1759295273.7956839,0.4985636363636364,5.016180281022468e-07,,100.0,5.000590197210791e-07,,1423.941006295,,,0.4401557743549347,,,,,100,,,1760000.0,,,,,0.4401557743549347,0.4786881701646789,,,,,,
,,,,,,0.44938442677259444,,,,,1759295380.5653634,,,,,,Infinity,1582.068797486,,,,,0.42183904618024826,,,108,,,,,9.0,0.44938442677259444,,,,400.0,,,1.08e-05,,
,,,,,,0.4266260942816734,,,,,1759295538.6908057,,,,,,Infinity,1740.116613558,,,,,0.407220903635025,,,120,,,,,10.0,0.4266260942816734,,,,400.0,,,1.2e-05,,
,,,,,,0.4077800518274307,,,,,1759295696.7390463,,,,,,Infinity,1898.116382161,,,,,0.39467899352312086,,,132,,,,,11.0,0.4077800518274307,,,,400.0,,,1.32e-05,,
,,,,,,0.3917694064974785,,,,,1759295854.7406507,,,,,,Infinity,1974.486387273,,,,,0.3835738807916641,,,144,,,,,12.0,0.3917694064974785,,,,400.0,,,1.44e-05,,
,1.5e-05,878760.0,0.37214890122413635,0.37063507671710655,0.38607109180813903,,,,12.47,,1759295931.110443,0.49929545454545454,3.6704404053806775e-07,,150.0,4.234932191088993e-07,,2056.136166528,,,0.3225436210632324,,,,,150,,,1760000.0,,,,,0.3225436210632324,0.38607109180813903,,,,,,
,,,,,,0.37802382215857505,,,,,1759296012.7585087,,,,,,Infinity,2214.074829029,,,,,0.37368144214153287,,,156,,,,,13.0,0.37802382215857505,,,,400.0,,,1.56e-05,,
,,,,,,0.3657342483103275,,,,,1759296170.6990888,,,,,,Infinity,2371.981139962,,,,,0.36462158322334287,,,168,,,,,14.0,0.3657342483103275,,,,400.0,,,1.6800000000000002e-05,,
,,,,,,0.3547459979355335,,,,,1759296328.6054516,,,,,,Infinity,2531.057118543,,,,,0.3564069131016731,,,180,,,,,15.0,0.3547459979355335,,,,400.0,,,1.8e-05,,
,,,,,,0.3447467608749866,,,,,1759296487.6814437,,,,,,Infinity,2632.504548189,,,,,0.3486534583568573,,,192,,,,,16.0,0.3447467608749866,,,,400.0,,,1.9200000000000003e-05,,
,2e-05,881526.0,0.30049943923950195,0.33861323444712677,0.33813487038558127,,,,16.63,,1759296589.128497,0.5008670454545454,2.8504463611774435e-07,,200.0,3.408855090371719e-07,,2688.915469524,,,0.2512742578983307,,,,,200,,,1760000.0,,,,,0.2512742578983307,0.33813487038558127,,,,,,
,,,,,,0.3354483532905579,,,,,1759296645.5398335,,,,,,Infinity,2846.693033847,,,,,0.3413170671463013,,,204,,,,,17.0,0.3354483532905579,,,,400.0,,,2.04e-05,,
,,,,,,0.32692952781915663,,,,,1759296803.3156147,,,,,,Infinity,3004.383153348,,,,,0.3342903596162796,,,216,,,,,18.0,0.32692952781915663,,,,400.0,,,2.16e-05,,
,,,,,,0.3193708620965481,,,,,1759296961.0073445,,,,,,Infinity,3162.065979322,,,,,0.32768861442804337,,,228,,,,,19.0,0.3193708620965481,,,,400.0,,,2.2800000000000002e-05,,
,,,,,,0.3123698502779007,,,,,1759297118.6904428,,,,,,Infinity,3288.379185554,,,,,0.32147094517946245,,,240,,,,,20.0,0.3123698502779007,,,,400.0,,,2.4e-05,,
,2.5e-05,881723.0,0.33402588963508606,0.31336430384729547,0.30681470128680116,,,,20.79,,1759297245.0032248,0.5009789772727272,3.6886944271009613e-07,,250.0,3.7883313652369967e-07,,3319.685338408,,,0.3252406716346741,,,,,250,,,1760000.0,,,,,0.3252406716346741,0.30681470128680116,,,,,,
,,,,,,0.3060066688060761,,,,,1759297276.3077354,,,,,,Infinity,3477.297484898,,,,,0.3157125183939934,,,252,,,,,21.0,0.3060066688060761,,,,400.0,,,2.5200000000000003e-05,,
,,,,,,0.3002273024618626,,,,,1759297433.9200976,,,,,,Infinity,3634.854405286,,,,,0.31048574328422546,,,264,,,,,22.0,0.3002273024618626,,,,400.0,,,2.64e-05,,
,,,,,,0.2950207544863224,,,,,1759297591.4787858,,,,,,Infinity,3792.453664464,,,,,0.305758895277977,,,276,,,,,23.0,0.2950207544863224,,,,400.0,,,2.7600000000000003e-05,,
,,,,,,0.2902997499704361,,,,,1759297749.0781057,,,,,,Infinity,3943.786630665,,,,,0.3014909563958645,,,288,,,,,24.0,0.2902997499704361,,,,400.0,,,2.88e-05,,
,3e-05,870937.0,0.2673763632774353,0.296457176399458,0.2860774301538871,0.28602727174758913,,,24.95,,1759297906.7023203,0.49485056818181816,3.1043807223355913e-07,,300.0,3.0699851226602535e-07,Infinity,4107.671368312,,,0.2703720033168793,,0.29760944575071335,,,300,,,1760000.0,,25.0,0.28602727174758913,,0.2703720033168793,0.2860774301538871,400.0,,,3e-05,,
,,,,,,0.28212167575955394,,,,,1759298064.2957118,,,,,,Infinity,4265.261981744,,,,,0.2941387304663658,,,312,,,,,26.0,0.28212167575955394,,,,400.0,,,3.12e-05,,
,,,,,,0.27911876037716865,,,,,1759298221.8864534,,,,,,Infinity,4422.858167514,,,,,0.2916706481575966,,,324,,,,,27.0,0.27911876037716865,,,,400.0,,,3.24e-05,,
,,,,,,0.27685166150331497,,,,,1759298379.4805017,,,,,,Infinity,4580.385692724,,,,,0.2902218909561634,,,336,,,,,28.0,0.27685166150331497,,,,400.0,,,3.3600000000000004e-05,,
,,,,,,0.27601199701428414,,,,,1759298537.0097914,,,,,,Infinity,4606.526747486,,,,,0.290305699557066,,,348,,,,,29.0,0.27601199701428414,,,,400.0,,,3.48e-05,,
,3.5e-05,870037.0,0.3159729242324829,0.29289716570718216,0.35421747056820635,,,,29.15,,1759298563.1511507,0.49433920454545455,3.380314142290273e-07,,350.0,3.6317182399424726e-07,,4737.934836991,,,0.2940998375415802,,,,,350,,,1760000.0,,,,,0.2940998375415802,0.35421747056820635,,,,,,
,,,,,,0.27795239850878717,,,,,1759298694.5591767,,,,,,Infinity,4896.62837584,,,,,0.2934452772140503,,,360,,,,,30.0,0.27795239850878717,,,,400.0,,,3.6e-05,,
,,,,,,0.2758650216460228,,,,,1759298853.2527118,,,,,,Infinity,5054.203522384,,,,,0.29234778091311453,,,372,,,,,31.0,0.2758650216460228,,,,400.0,,,3.72e-05,,
,,,,,,0.27608930110931396,,,,,1759299010.8265574,,,,,,Infinity,5211.737520749,,,,,0.2922487461566925,,,384,,,,,32.0,0.27608930110931396,,,,400.0,,,3.8400000000000005e-05,,
,,,,,,0.27541900888085363,,,,,1759299168.361819,,,,,,Infinity,5262.864937106,,,,,0.2921157011389732,,,396,,,,,33.0,0.27541900888085363,,,,400.0,,,3.960000000000001e-05,,
,4e-05,877472.0,0.29158079624176025,0.2921781521062276,0.2998779187675979,,,,33.31,,1759299219.4892833,0.4985636363636364,2.925641132906992e-07,,400.0,3.3229641087323615e-07,,5369.28086109,,,0.2567168176174164,,,,,400,,,1760000.0,,,,,0.2567168176174164,0.2998779187675979,,,,,,
,,,,,,0.2720151537656784,,,,,1759299325.9052367,,,,,,Infinity,5526.783866556,,,,,0.29048008754849436,,,408,,,,,34.0,0.2720151537656784,,,,400.0,,,4.08e-05,,
,,,,,,0.2666783431172371,,,,,1759299483.4081972,,,,,,Infinity,5684.289672547,,,,,0.2845086370408535,,,420,,,,,35.0,0.2666783431172371,,,,400.0,,,4.2e-05,,
,,,,,,0.2612919797003269,,,,,1759299640.914002,,,,,,Infinity,5841.824436695,,,,,0.2801403665542603,,,432,,,,,36.0,0.2612919797003269,,,,400.0,,,4.32e-05,,
,,,,,,0.2578330720961094,,,,,1759299798.448776,,,,,,Infinity,5917.937022916,,,,,0.27695574760437014,,,444,,,,,37.0,0.2578330720961094,,,,400.0,,,4.44e-05,,
,4.5e-05,878760.0,0.2724357545375824,0.26937561356611744,0.2623584158581941,,,,37.47,,1759299874.5609982,0.49929545454545454,2.3522646875145753e-07,,450.0,3.1002293520140016e-07,,5999.321771304,,,0.20670761168003082,,,,,450,,,1760000.0,,,,,0.20670761168003082,0.2623584158581941,,,,,,
,,,,,,0.254505475461483,,,,,1759299955.9443562,,,,,,Infinity,6156.830811356,,,,,0.2730366052687168,,,456,,,,,38.0,0.254505475461483,,,,400.0,,,4.5600000000000004e-05,,
,,,,,,0.25043966084718705,,,,,1759300113.4551396,,,,,,Infinity,6314.346337486,,,,,0.26791772291064264,,,468,,,,,39.0,0.25043966084718705,,,,400.0,,,4.6800000000000006e-05,,
,,,,,,0.2490791529417038,,,,,1759300270.970735,,,,,,Infinity,6471.88572295,,,,,0.2678084492683411,,,480,,,,,40.0,0.2490791529417038,,,,400.0,,,4.8e-05,,
,,,,,,0.2477024871110916,,,,,1759300428.5102468,,,,,,Infinity,6573.090938169,,,,,0.26640303403139115,,,492,,,,,41.0,0.2477024871110916,,,,400.0,,,4.92e-05,,
1.4720012960208377e-06,5e-05,881526.0,0.22445963323116302,0.26311236455940107,0.24841648991180645,,0.9031904757022857,3.4220377756576194e-06,41.63,1.4720012960208377e-06,1759300592.105269,0.5008670454545454,1.9389534100547315e-07,0.38851048350334166,500.0,2.546262200220561e-07,,6637.699845876,41.63,0.9031904757022857,0.17092378437519073,3.4220377756576194e-06,,0.9031904757022857,0.9031904757022857,500,0.38851048350334166,263933.52,1760000.0,0.38851048350334166,,,500.0,0.17092378437519073,0.24841648991180645,,0.9031904757022857,0.9031904757022857,,1.0,Infinity
